[{"model": "auth.user", "fields": {"password": "pbkdf2_sha256$1000000$KEIMlDpcknN640upJtDo6K$8fiaSb8UAHrLiOyL5H3Lvto0BIB6G7qUDsHZUSxnNas=", "last_login": "2026-07-04T08:36:38.569Z", "is_superuser": true, "username": "admin", "first_name": "", "last_name": "", "email": "admin@example.com", "is_staff": true, "is_active": true, "date_joined": "2026-06-30T07:09:40.373Z", "groups": [], "user_permissions": []}}, {"model": "auth.user", "fields": {"password": "pbkdf2_sha256$1000000$LKTgOTLC2AtUhcZphsxJzM$YS7GEL9VnEWlG3Ybdr1MeXtSCU7diRQsotRS2sOsWX0=", "last_login": "2026-07-03T22:46:00.065Z", "is_superuser": false, "username": "Operator_2", "first_name": "محمد سالمان أبو زيد السيد", "last_name": "", "email": "", "is_staff": false, "is_active": true, "date_joined": "2026-07-02T13:32:24.273Z", "groups": [], "user_permissions": []}}, {"model": "sessions.session", "pk": "2y49yp9v604gk5es9epr517uh47e7qh5", "fields": {"session_data": ".eJxVjDsOwyAQRO9CHSFg-W3K9D4DwiwEJxGWjF1FuXtsyUUy5bw382YhbmsNW89LmIhdmWSX326M6ZnbAegR233maW7rMo38UPhJOx9myq_b6f4d1NjrvtYWALFY76ND48ErbYwnEIWQclFFRiWtkMJDSpDRoZZZSaF12UOOfb6v3TcD:1weU2e:DyRb021hwAW-ZGby4BW9LNo1prBZOgJJXv3fuM0rNO0", "expire_date": "2026-07-14T08:42:04.676Z"}}, {"model": "sessions.session", "pk": "7jtdq6c4o1fiitusgfs683osiq57dthc", "fields": {"session_data": ".eJxVjDkOwjAQAP-yNbJ8HynpeYPleL04gGwpTirE31GkFNDOjOYNMe1bjfsoa1wQJhBw-WVzys_SDoGP1O6d5d62dZnZkbDTDnbrWF7Xs_0b1DQqTKCtUiGQ9T65YLzyUhvjUXHCgIUkiSSF5YJ7lbMqwQUtihRcayIidPD5Aq_dNwM:1wfvra:2Px-mvqg8DNOtz1Aq4Q0xUHvaXUYNaVhgxea4ZdXtKk", "expire_date": "2026-07-18T08:36:38.733Z"}}, {"model": "sessions.session", "pk": "8lftquafwnjzlpr9pdkdipj76vo3rh7k", "fields": {"session_data": ".eJxVjDsOwyAQRO9CHSFg-W3K9D4DwiwEJxGWjF1FuXtsyUUy5bw382YhbmsNW89LmIhdmWSX326M6ZnbAegR233maW7rMo38UPhJOx9myq_b6f4d1NjrvtYWALFY76ND48ErbYwnEIWQclFFRiWtkMJDSpDRoZZZSaF12UOOfb6v3TcD:1weVHt:RXyTFUIIAnih_4n2rMZmVNbNkm6s89f5YEyUa16RI-0", "expire_date": "2026-07-14T10:01:53.684Z"}}, {"model": "sessions.session", "pk": "lzolo6peyp1oe85fm03st64io7hcylm9", "fields": {"session_data": ".eJxVjDsOwyAQRO9CHSFg-W3K9D4DwiwEJxGWjF1FuXtsyUUy5bw382YhbmsNW89LmIhdmWSX326M6ZnbAegR233maW7rMo38UPhJOx9myq_b6f4d1NjrvtYWALFY76ND48ErbYwnEIWQclFFRiWtkMJDSpDRoZZZSaF12UOOfb6v3TcD:1weSbP:Ib5YIhw2BlQLeAL4WnO_PraSI-uUx-NMqs-9vCkBgPc", "expire_date": "2026-07-14T07:09:51.898Z"}}, {"model": "sessions.session", "pk": "vglkcux4yjcabbhtjy439q0lydxsont7", "fields": {"session_data": ".eJxVjEEOwiAQRe_C2pBSoIBL956BDDODVA0kpV0Z765NutDtf-_9l4iwrSVunZc4kziLUZx-twT44LoDukO9NYmtrsuc5K7Ig3Z5bcTPy-H-HRTo5VtbmwN4k8wUtGFIOZF1bAM7pSYMHhgH1DQG0C55Vpbc4Dl7hwwKSIn3B_XzOKY:1wfme0:56cZiGs9U204lnuy3ycfFLWSaRp3rfTYVD_LsEvs3pg", "expire_date": "2026-07-17T22:46:00.138Z"}}, {"model": "academies.academy", "pk": 2, "fields": {"name": "كورة جيم", "sport_activity": "كرة قدم", "company_name": "كرة جيم", "manager_name": "مؤمن", "manager_national_id": "", "manager_phone": "01125572780", "operation_place": "ملعب كرة القدم #1", "contract_start_date": "2026-07-01", "contract_end_date": "2027-06-30", "subscription_type": "variable", "monthly_subscription": 600, "variable_rent_type": "hour", "variable_rent_value": 600, "security_deposit": 0, "training_days": "السبت, الأحد, الثلاثاء, الأربعاء", "training_hours": "09:00 مساءً - 10:00 مساءً, 10:00 مساءً - 11:00 مساءً", "has_extra_hours": true, "extra_training_days": "السبت, الأحد, الثلاثاء, الأربعاء", "extra_training_place": "ملعب كرة القدم #2", "extra_training_hours": "10:00 مساءً - 11:00 مساءً", "notes": "", "created_at": "2026-06-30T08:50:21.532Z"}}, {"model": "academies.academy", "pk": 3, "fields": {"name": "تالنت سبورتس", "sport_activity": "جمباز", "company_name": "تالنت", "manager_name": "احمدالصياد", "manager_national_id": "", "manager_phone": "01000594224", "operation_place": "صالة الجمباز #1, صالة الجمباز #2", "contract_start_date": "2026-07-01", "contract_end_date": "2027-06-30", "subscription_type": "fixed", "monthly_subscription": 150000, "variable_rent_type": "", "variable_rent_value": 0, "security_deposit": 0, "training_days": "السبت, الأحد, الإثنين, الثلاثاء, الأربعاء, الخميس, الجمعة", "training_hours": "07:00 صباحًا - 08:00 صباحًا, 08:00 صباحًا - 09:00 صباحًا, 09:00 صباحًا - 10:00 صباحًا, 10:00 صباحًا - 11:00 صباحًا, 11:00 صباحًا - 12:00 ظهرًا, 12:00 ظهرًا - 01:00 مساءً, 01:00 مساءً - 02:00 مساءً, 02:00 مساءً - 03:00 مساءً, 03:00 مساءً - 04:00 مساءً, 04:00 مساءً - 05:00 مساءً, 05:00 مساءً - 06:00 مساءً, 06:00 مساءً - 07:00 مساءً, 07:00 مساءً - 08:00 مساءً, 08:00 مساءً - 09:00 مساءً, 09:00 مساءً - 10:00 مساءً, 10:00 مساءً - 11:00 مساءً", "has_extra_hours": false, "extra_training_days": "", "extra_training_place": "", "extra_training_hours": "", "notes": "", "created_at": "2026-06-30T08:53:08.505Z"}}, {"model": "academies.academy", "pk": 4, "fields": {"name": "جولدن بوي", "sport_activity": "كرة قدم", "company_name": "جولدن", "manager_name": "اسلام", "manager_national_id": "", "manager_phone": "01127000025", "operation_place": "ملعب كرة القدم #1", "contract_start_date": "2026-07-01", "contract_end_date": "2027-06-30", "subscription_type": "variable", "monthly_subscription": 0, "variable_rent_type": "hour", "variable_rent_value": 750, "security_deposit": 0, "training_days": "الأحد, الثلاثاء, الخميس", "training_hours": "07:00 مساءً - 08:00 مساءً", "has_extra_hours": false, "extra_training_days": "", "extra_training_place": "", "extra_training_hours": "", "notes": "", "created_at": "2026-06-30T08:55:19.979Z"}}, {"model": "academies.academy", "pk": 5, "fields": {"name": "ٍٍSkill Zone", "sport_activity": "كرة قدم", "company_name": "Skill Zone", "manager_name": "عثمان", "manager_national_id": "", "manager_phone": "01064716086", "operation_place": "ملعب كرة القدم #2", "contract_start_date": "2026-07-01", "contract_end_date": "2027-06-30", "subscription_type": "variable", "monthly_subscription": 0, "variable_rent_type": "hour", "variable_rent_value": 650, "security_deposit": 0, "training_days": "الأحد, الثلاثاء, الخميس", "training_hours": "06:00 مساءً - 07:00 مساءً, 07:00 مساءً - 08:00 مساءً", "has_extra_hours": false, "extra_training_days": "", "extra_training_place": "", "extra_training_hours": "", "notes": "", "created_at": "2026-06-30T08:58:17.720Z"}}, {"model": "academies.academy", "pk": 6, "fields": {"name": "PinkMaire", "sport_activity": "Fitness", "company_name": "PinkMaire", "manager_name": "ابتسام", "manager_national_id": "", "manager_phone": "01010893055", "operation_place": "ملعب كرة القدم #1, ملعب كرة القدم #2, ملعب الباسكت", "contract_start_date": "2026-07-01", "contract_end_date": "2027-06-30", "subscription_type": "variable", "monthly_subscription": 0, "variable_rent_type": "hour", "variable_rent_value": 1500, "security_deposit": 0, "training_days": "السبت, الأربعاء", "training_hours": "07:00 مساءً - 08:00 مساءً", "has_extra_hours": false, "extra_training_days": "", "extra_training_place": "", "extra_training_hours": "", "notes": "", "created_at": "2026-06-30T09:01:11.863Z"}}, {"model": "academies.academy", "pk": 7, "fields": {"name": "GYM", "sport_activity": "GYM", "company_name": "جيم", "manager_name": "محمد عبدالله", "manager_national_id": "", "manager_phone": "01200596333", "operation_place": "صالة الجيم, صالة الباليه", "contract_start_date": "2026-07-01", "contract_end_date": "2027-06-30", "subscription_type": "fixed", "monthly_subscription": 30000, "variable_rent_type": "", "variable_rent_value": 0, "security_deposit": 0, "training_days": "السبت, الأحد, الإثنين, الثلاثاء, الأربعاء, الخميس, الجمعة", "training_hours": "03:00 مساءً - 04:00 مساءً, 04:00 مساءً - 05:00 مساءً, 05:00 مساءً - 06:00 مساءً, 06:00 مساءً - 07:00 مساءً, 07:00 مساءً - 08:00 مساءً, 08:00 مساءً - 09:00 مساءً, 09:00 مساءً - 10:00 مساءً, 10:00 مساءً - 11:00 مساءً", "has_extra_hours": false, "extra_training_days": "", "extra_training_place": "", "extra_training_hours": "", "notes": "", "created_at": "2026-06-30T09:05:43.399Z"}}, {"model": "academies.academy", "pk": 8, "fields": {"name": "اكتيفور للخدمات الرياضيه", "sport_activity": "سباحة", "company_name": "اكتيفور للخدمات الرياضية", "manager_name": "شريف", "manager_national_id": "", "manager_phone": "0111111111111", "operation_place": "حمام السباحة", "contract_start_date": "2026-07-15", "contract_end_date": "2027-06-30", "subscription_type": "fixed", "monthly_subscription": 140000, "variable_rent_type": "", "variable_rent_value": 0, "security_deposit": 0, "training_days": "", "training_hours": "", "has_extra_hours": false, "extra_training_days": "", "extra_training_place": "", "extra_training_hours": "", "notes": "", "created_at": "2026-06-30T09:08:04.660Z"}}, {"model": "academies.academy", "pk": 9, "fields": {"name": "تالنت", "sport_activity": "كرة قدم", "company_name": "تالنت", "manager_name": "هيثم", "manager_national_id": "", "manager_phone": "01222498000", "operation_place": "ملعب كرة القدم #1", "contract_start_date": "2026-07-01", "contract_end_date": "2027-06-30", "subscription_type": "variable", "monthly_subscription": 0, "variable_rent_type": "hour", "variable_rent_value": 800, "security_deposit": 0, "training_days": "الأحد, الثلاثاء, الخميس", "training_hours": "06:00 مساءً - 07:00 مساءً", "has_extra_hours": false, "extra_training_days": "", "extra_training_place": "", "extra_training_hours": "", "notes": "", "created_at": "2026-06-30T09:12:47.073Z"}}, {"model": "academies.customer", "pk": 1, "fields": {"customer_code": "C00001", "customer_name": "وليد سليمان", "customer_phone": "01151180119", "national_id": "27712312101337", "created_at": "2026-07-01T06:09:52.628Z"}}, {"model": "academies.customer", "pk": 2, "fields": {"customer_code": "C00002", "customer_name": "محمد عمرو", "customer_phone": "01159100877", "national_id": "", "created_at": "2026-07-01T13:42:25.811Z"}}, {"model": "academies.customer", "pk": 3, "fields": {"customer_code": "C00003", "customer_name": "احمد علي", "customer_phone": "01280535553", "national_id": "", "created_at": "2026-07-01T13:44:12.119Z"}}, {"model": "academies.customer", "pk": 4, "fields": {"customer_code": "C00004", "customer_name": "عبدالرحمن ضياء", "customer_phone": "01280005115", "national_id": "", "created_at": "2026-07-01T13:45:01.415Z"}}, {"model": "academies.customer", "pk": 5, "fields": {"customer_code": "C00005", "customer_name": "كريم", "customer_phone": "0111111111111", "national_id": "", "created_at": "2026-07-01T13:46:08.136Z"}}, {"model": "academies.customer", "pk": 6, "fields": {"customer_code": "C00006", "customer_name": "حسين رجب", "customer_phone": "01151422118", "national_id": "", "created_at": "2026-07-01T13:47:02.862Z"}}, {"model": "academies.customer", "pk": 7, "fields": {"customer_code": "C00007", "customer_name": "محمد نبيل", "customer_phone": "01289612786", "national_id": "", "created_at": "2026-07-01T13:49:26.645Z"}}, {"model": "academies.customer", "pk": 8, "fields": {"customer_code": "C00008", "customer_name": "عمر طارق", "customer_phone": "01289613798", "national_id": "", "created_at": "2026-07-01T16:05:04.032Z"}}, {"model": "academies.customer", "pk": 9, "fields": {"customer_code": "C00009", "customer_name": "مروان مختار", "customer_phone": "01008555765", "national_id": "", "created_at": "2026-07-01T21:07:43.771Z"}}, {"model": "academies.customer", "pk": 10, "fields": {"customer_code": "C00010", "customer_name": "هدير سعد عسكر", "customer_phone": "01062922664", "national_id": "29010271500763", "created_at": "2026-07-01T21:16:14.853Z"}}, {"model": "academies.customer", "pk": 11, "fields": {"customer_code": "C00011", "customer_name": "السلام الدولي", "customer_phone": "01113498202", "national_id": "", "created_at": "2026-07-01T21:18:54.818Z"}}, {"model": "academies.customer", "pk": 12, "fields": {"customer_code": "C00012", "customer_name": "عمر سليمان", "customer_phone": "11111111111", "national_id": "", "created_at": "2026-07-02T19:43:46.875Z"}}, {"model": "academies.customer", "pk": 13, "fields": {"customer_code": "C00013", "customer_name": "احمد حسن", "customer_phone": "01006655404", "national_id": "", "created_at": "2026-07-02T19:47:20.108Z"}}, {"model": "academies.customer", "pk": 14, "fields": {"customer_code": "C00014", "customer_name": "عمر مصطفي", "customer_phone": "01204834314", "national_id": "", "created_at": "2026-07-02T19:49:58.485Z"}}, {"model": "academies.customer", "pk": 15, "fields": {"customer_code": "C00015", "customer_name": "عمر عبد الفتاح", "customer_phone": "01068390807", "national_id": "", "created_at": "2026-07-02T19:51:55.952Z"}}, {"model": "academies.customer", "pk": 16, "fields": {"customer_code": "C00016", "customer_name": "محمد ايمن", "customer_phone": "01121032100", "national_id": "", "created_at": "2026-07-02T19:54:00.850Z"}}, {"model": "academies.customer", "pk": 17, "fields": {"customer_code": "C00017", "customer_name": "امر حسين", "customer_phone": "01055074710", "national_id": "30309292503011", "created_at": "2026-07-03T22:52:34.228Z"}}, {"model": "academies.dailybooking", "pk": 4, "fields": {"customer_code": "C00002", "venue": "ملعب كرة القدم #2", "booking_date": "2026-07-02", "start_time": "09:00 مساءً", "end_time": "12:00 منتصف الليل", "customer_name": "محمد عمرو", "customer_phone": "01159100877", "national_id": "", "players_count": 1, "amount": 450, "advance_payment": 0, "total_amount": 1350, "remaining_amount": 1350, "notes": "", "created_at": "2026-07-01T13:42:25.891Z"}}, {"model": "academies.dailybooking", "pk": 5, "fields": {"customer_code": "C00002", "venue": "ملعب كرة القدم #2", "booking_date": "2026-07-04", "start_time": "08:00 مساءً", "end_time": "10:00 مساءً", "customer_name": "محمد عمرو", "customer_phone": "01159100877", "national_id": "", "players_count": 1, "amount": 450, "advance_payment": 0, "total_amount": 900, "remaining_amount": 900, "notes": "", "created_at": "2026-07-01T13:42:26.033Z"}}, {"model": "academies.dailybooking", "pk": 6, "fields": {"customer_code": "C00002", "venue": "ملعب كرة القدم #2", "booking_date": "2026-07-06", "start_time": "09:00 مساءً", "end_time": "12:00 منتصف الليل", "customer_name": "محمد عمرو", "customer_phone": "01159100877", "national_id": "", "players_count": 1, "amount": 450, "advance_payment": 0, "total_amount": 1350, "remaining_amount": 1350, "notes": "", "created_at": "2026-07-01T13:42:26.119Z"}}, {"model": "academies.dailybooking", "pk": 7, "fields": {"customer_code": "C00002", "venue": "ملعب كرة القدم #2", "booking_date": "2026-07-09", "start_time": "09:00 مساءً", "end_time": "12:00 منتصف الليل", "customer_name": "محمد عمرو", "customer_phone": "01159100877", "national_id": "", "players_count": 1, "amount": 450, "advance_payment": 0, "total_amount": 1350, "remaining_amount": 1350, "notes": "", "created_at": "2026-07-01T13:42:26.202Z"}}, {"model": "academies.dailybooking", "pk": 8, "fields": {"customer_code": "C00002", "venue": "ملعب كرة القدم #2", "booking_date": "2026-07-11", "start_time": "08:00 مساءً", "end_time": "10:00 مساءً", "customer_name": "محمد عمرو", "customer_phone": "01159100877", "national_id": "", "players_count": 1, "amount": 450, "advance_payment": 0, "total_amount": 900, "remaining_amount": 900, "notes": "", "created_at": "2026-07-01T13:42:26.285Z"}}, {"model": "academies.dailybooking", "pk": 9, "fields": {"customer_code": "C00002", "venue": "ملعب كرة القدم #2", "booking_date": "2026-07-13", "start_time": "09:00 مساءً", "end_time": "12:00 منتصف الليل", "customer_name": "محمد عمرو", "customer_phone": "01159100877", "national_id": "", "players_count": 1, "amount": 450, "advance_payment": 0, "total_amount": 1350, "remaining_amount": 1350, "notes": "", "created_at": "2026-07-01T13:42:26.369Z"}}, {"model": "academies.dailybooking", "pk": 10, "fields": {"customer_code": "C00002", "venue": "ملعب كرة القدم #2", "booking_date": "2026-07-16", "start_time": "09:00 مساءً", "end_time": "12:00 منتصف الليل", "customer_name": "محمد عمرو", "customer_phone": "01159100877", "national_id": "", "players_count": 1, "amount": 450, "advance_payment": 0, "total_amount": 1350, "remaining_amount": 1350, "notes": "", "created_at": "2026-07-01T13:42:26.452Z"}}, {"model": "academies.dailybooking", "pk": 11, "fields": {"customer_code": "C00002", "venue": "ملعب كرة القدم #2", "booking_date": "2026-07-18", "start_time": "08:00 مساءً", "end_time": "10:00 مساءً", "customer_name": "محمد عمرو", "customer_phone": "01159100877", "national_id": "", "players_count": 1, "amount": 450, "advance_payment": 0, "total_amount": 900, "remaining_amount": 900, "notes": "", "created_at": "2026-07-01T13:42:26.535Z"}}, {"model": "academies.dailybooking", "pk": 12, "fields": {"customer_code": "C00002", "venue": "ملعب كرة القدم #2", "booking_date": "2026-07-20", "start_time": "09:00 مساءً", "end_time": "12:00 منتصف الليل", "customer_name": "محمد عمرو", "customer_phone": "01159100877", "national_id": "", "players_count": 1, "amount": 450, "advance_payment": 0, "total_amount": 1350, "remaining_amount": 1350, "notes": "", "created_at": "2026-07-01T13:42:26.619Z"}}, {"model": "academies.dailybooking", "pk": 13, "fields": {"customer_code": "C00002", "venue": "ملعب كرة القدم #2", "booking_date": "2026-07-23", "start_time": "09:00 مساءً", "end_time": "12:00 منتصف الليل", "customer_name": "محمد عمرو", "customer_phone": "01159100877", "national_id": "", "players_count": 1, "amount": 450, "advance_payment": 0, "total_amount": 1350, "remaining_amount": 1350, "notes": "", "created_at": "2026-07-01T13:42:26.702Z"}}, {"model": "academies.dailybooking", "pk": 14, "fields": {"customer_code": "C00002", "venue": "ملعب كرة القدم #2", "booking_date": "2026-07-25", "start_time": "08:00 مساءً", "end_time": "10:00 مساءً", "customer_name": "محمد عمرو", "customer_phone": "01159100877", "national_id": "", "players_count": 1, "amount": 450, "advance_payment": 0, "total_amount": 900, "remaining_amount": 900, "notes": "", "created_at": "2026-07-01T13:42:26.783Z"}}, {"model": "academies.dailybooking", "pk": 15, "fields": {"customer_code": "C00002", "venue": "ملعب كرة القدم #2", "booking_date": "2026-07-27", "start_time": "09:00 مساءً", "end_time": "12:00 منتصف الليل", "customer_name": "محمد عمرو", "customer_phone": "01159100877", "national_id": "", "players_count": 1, "amount": 450, "advance_payment": 0, "total_amount": 1350, "remaining_amount": 1350, "notes": "", "created_at": "2026-07-01T13:42:26.858Z"}}, {"model": "academies.dailybooking", "pk": 16, "fields": {"customer_code": "C00002", "venue": "ملعب كرة القدم #2", "booking_date": "2026-07-30", "start_time": "09:00 مساءً", "end_time": "12:00 منتصف الليل", "customer_name": "محمد عمرو", "customer_phone": "01159100877", "national_id": "", "players_count": 1, "amount": 450, "advance_payment": 0, "total_amount": 1350, "remaining_amount": 1350, "notes": "ودي لعب", "created_at": "2026-07-01T13:42:26.935Z"}}, {"model": "academies.dailybooking", "pk": 18, "fields": {"customer_code": "C00004", "venue": "ملعب كرة القدم #1", "booking_date": "2026-06-30", "start_time": "12:00 منتصف الليل", "end_time": "01:00 صباحًا", "customer_name": "عبدالرحمن ضياء", "customer_phone": "01280005115", "national_id": "", "players_count": 1, "amount": 500, "advance_payment": 0, "total_amount": 500, "remaining_amount": 500, "notes": "", "created_at": "2026-07-01T13:45:01.497Z"}}, {"model": "academies.dailybooking", "pk": 19, "fields": {"customer_code": "C00005", "venue": "ملعب كرة القدم #1", "booking_date": "2026-06-30", "start_time": "01:00 صباحًا", "end_time": "02:00 صباحًا", "customer_name": "كريم", "customer_phone": "0111111111111", "national_id": "", "players_count": 1, "amount": 500, "advance_payment": 0, "total_amount": 500, "remaining_amount": 500, "notes": "", "created_at": "2026-07-01T13:46:08.217Z"}}, {"model": "academies.dailybooking", "pk": 20, "fields": {"customer_code": "C00006", "venue": "ملعب كرة القدم #2", "booking_date": "2026-07-01", "start_time": "11:00 مساءً", "end_time": "01:00 صباحًا", "customer_name": "حسين رجب", "customer_phone": "01151422118", "national_id": "", "players_count": 1, "amount": 500, "advance_payment": 400, "total_amount": 1000, "remaining_amount": 600, "notes": "", "created_at": "2026-07-01T13:47:02.946Z"}}, {"model": "academies.dailybooking", "pk": 21, "fields": {"customer_code": "C00007", "venue": "ملعب كرة القدم #1", "booking_date": "2026-07-01", "start_time": "11:00 مساءً", "end_time": "01:00 صباحًا", "customer_name": "محمد نبيل", "customer_phone": "01289612786", "national_id": "", "players_count": 1, "amount": 500, "advance_payment": 400, "total_amount": 1000, "remaining_amount": 600, "notes": "", "created_at": "2026-07-01T13:49:27.244Z"}}, {"model": "academies.dailybooking", "pk": 22, "fields": {"customer_code": "C00003", "venue": "ملعب كرة القدم #2", "booking_date": "2026-06-30", "start_time": "12:00 منتصف الليل", "end_time": "01:00 صباحًا", "customer_name": "احمد علي", "customer_phone": "01280535553", "national_id": "", "players_count": 10, "amount": 500, "advance_payment": 0, "total_amount": 500, "remaining_amount": 500, "notes": "", "created_at": "2026-07-01T15:51:02.215Z"}}, {"model": "academies.dailybooking", "pk": 23, "fields": {"customer_code": "C00008", "venue": "ملعب كرة القدم #1", "booking_date": "2026-07-01", "start_time": "07:00 مساءً", "end_time": "09:00 مساءً", "customer_name": "عمر طارق", "customer_phone": "01289613798", "national_id": "", "players_count": 10, "amount": 450, "advance_payment": 0, "total_amount": 900, "remaining_amount": 900, "notes": "", "created_at": "2026-07-01T16:05:04.129Z"}}, {"model": "academies.dailybooking", "pk": 24, "fields": {"customer_code": "C00009", "venue": "ملعب كرة القدم #1", "booking_date": "2026-07-01", "start_time": "01:00 صباحًا", "end_time": "02:00 صباحًا", "customer_name": "مروان مختار", "customer_phone": "01008555765", "national_id": "", "players_count": 10, "amount": 450, "advance_payment": 0, "total_amount": 450, "remaining_amount": 450, "notes": "", "created_at": "2026-07-01T21:07:43.863Z"}}, {"model": "academies.dailybooking", "pk": 25, "fields": {"customer_code": "C00010", "venue": "ملعب الباسكت", "booking_date": "2026-07-06", "start_time": "06:00 مساءً", "end_time": "09:00 مساءً", "customer_name": "هدير سعد عسكر", "customer_phone": "01062922664", "national_id": "29010271500763", "players_count": 6, "amount": 500, "advance_payment": 0, "total_amount": 1500, "remaining_amount": 1500, "notes": "", "created_at": "2026-07-01T21:16:15.477Z"}}, {"model": "academies.dailybooking", "pk": 26, "fields": {"customer_code": "C00010", "venue": "ملعب الباسكت", "booking_date": "2026-07-13", "start_time": "06:00 مساءً", "end_time": "09:00 مساءً", "customer_name": "هدير سعد عسكر", "customer_phone": "01062922664", "national_id": "29010271500763", "players_count": 6, "amount": 500, "advance_payment": 0, "total_amount": 1500, "remaining_amount": 1500, "notes": "", "created_at": "2026-07-01T21:16:15.660Z"}}, {"model": "academies.dailybooking", "pk": 27, "fields": {"customer_code": "C00010", "venue": "ملعب الباسكت", "booking_date": "2026-07-20", "start_time": "06:00 مساءً", "end_time": "09:00 مساءً", "customer_name": "هدير سعد عسكر", "customer_phone": "01062922664", "national_id": "29010271500763", "players_count": 6, "amount": 500, "advance_payment": 0, "total_amount": 1500, "remaining_amount": 1500, "notes": "", "created_at": "2026-07-01T21:16:15.751Z"}}, {"model": "academies.dailybooking", "pk": 28, "fields": {"customer_code": "C00010", "venue": "ملعب الباسكت", "booking_date": "2026-07-27", "start_time": "06:00 مساءً", "end_time": "09:00 مساءً", "customer_name": "هدير سعد عسكر", "customer_phone": "01062922664", "national_id": "29010271500763", "players_count": 6, "amount": 500, "advance_payment": 0, "total_amount": 1500, "remaining_amount": 1500, "notes": "قوس وسهم", "created_at": "2026-07-01T21:16:15.852Z"}}, {"model": "academies.dailybooking", "pk": 29, "fields": {"customer_code": "C00011", "venue": "ملعب كرة القدم #1", "booking_date": "2026-07-06", "start_time": "08:00 مساءً", "end_time": "10:00 مساءً", "customer_name": "السلام الدولي", "customer_phone": "01113498202", "national_id": "", "players_count": 10, "amount": 600, "advance_payment": 0, "total_amount": 1200, "remaining_amount": 1200, "notes": "", "created_at": "2026-07-01T21:18:54.931Z"}}, {"model": "academies.dailybooking", "pk": 30, "fields": {"customer_code": "C00011", "venue": "ملعب كرة القدم #1", "booking_date": "2026-07-13", "start_time": "08:00 مساءً", "end_time": "10:00 مساءً", "customer_name": "السلام الدولي", "customer_phone": "01113498202", "national_id": "", "players_count": 10, "amount": 600, "advance_payment": 0, "total_amount": 1200, "remaining_amount": 1200, "notes": "", "created_at": "2026-07-01T21:18:55.148Z"}}, {"model": "academies.dailybooking", "pk": 31, "fields": {"customer_code": "C00011", "venue": "ملعب كرة القدم #1", "booking_date": "2026-07-20", "start_time": "08:00 مساءً", "end_time": "10:00 مساءً", "customer_name": "السلام الدولي", "customer_phone": "01113498202", "national_id": "", "players_count": 10, "amount": 600, "advance_payment": 0, "total_amount": 1200, "remaining_amount": 1200, "notes": "", "created_at": "2026-07-01T21:18:55.248Z"}}, {"model": "academies.dailybooking", "pk": 32, "fields": {"customer_code": "C00011", "venue": "ملعب كرة القدم #1", "booking_date": "2026-07-27", "start_time": "08:00 مساءً", "end_time": "10:00 مساءً", "customer_name": "السلام الدولي", "customer_phone": "01113498202", "national_id": "", "players_count": 10, "amount": 600, "advance_payment": 0, "total_amount": 1200, "remaining_amount": 1200, "notes": "", "created_at": "2026-07-01T21:18:55.339Z"}}, {"model": "academies.dailybooking", "pk": 33, "fields": {"customer_code": "C00012", "venue": "ملعب كرة القدم #1", "booking_date": "2026-07-02", "start_time": "08:00 مساءً", "end_time": "10:00 مساءً", "customer_name": "عمر سليمان", "customer_phone": "11111111111", "national_id": "", "players_count": 10, "amount": 500, "advance_payment": 400, "total_amount": 1000, "remaining_amount": 600, "notes": "", "created_at": "2026-07-02T19:43:46.936Z"}}, {"model": "academies.dailybooking", "pk": 34, "fields": {"customer_code": "C00013", "venue": "ملعب كرة القدم #1", "booking_date": "2026-07-02", "start_time": "10:00 مساءً", "end_time": "12:00 منتصف الليل", "customer_name": "احمد حسن", "customer_phone": "01006655404", "national_id": "", "players_count": 10, "amount": 450, "advance_payment": 400, "total_amount": 900, "remaining_amount": 500, "notes": "", "created_at": "2026-07-02T19:47:20.187Z"}}, {"model": "academies.dailybooking", "pk": 35, "fields": {"customer_code": "C00014", "venue": "ملعب كرة القدم #1", "booking_date": "2026-07-02", "start_time": "12:00 منتصف الليل", "end_time": "01:00 صباحًا", "customer_name": "عمر مصطفي", "customer_phone": "01204834314", "national_id": "", "players_count": 10, "amount": 450, "advance_payment": 0, "total_amount": 450, "remaining_amount": 450, "notes": "", "created_at": "2026-07-02T19:49:58.568Z"}}, {"model": "academies.dailybooking", "pk": 36, "fields": {"customer_code": "C00015", "venue": "ملعب كرة القدم #2", "booking_date": "2026-07-02", "start_time": "01:00 صباحًا", "end_time": "02:00 صباحًا", "customer_name": "عمر عبد الفتاح", "customer_phone": "01068390807", "national_id": "", "players_count": 1, "amount": 450, "advance_payment": 0, "total_amount": 450, "remaining_amount": 450, "notes": "", "created_at": "2026-07-02T19:51:56.026Z"}}, {"model": "academies.dailybooking", "pk": 37, "fields": {"customer_code": "C00016", "venue": "ملعب الباسكت", "booking_date": "2026-07-02", "start_time": "07:00 مساءً", "end_time": "10:00 مساءً", "customer_name": "محمد ايمن", "customer_phone": "01121032100", "national_id": "", "players_count": 10, "amount": 150, "advance_payment": 0, "total_amount": 450, "remaining_amount": 450, "notes": "", "created_at": "2026-07-02T19:54:00.942Z"}}, {"model": "academies.dailybooking", "pk": 38, "fields": {"customer_code": "C00002", "venue": "ملعب كرة القدم #2", "booking_date": "2026-07-02", "start_time": "12:00 منتصف الليل", "end_time": "01:00 صباحًا", "customer_name": "محمد عمرو", "customer_phone": "01159100877", "national_id": "", "players_count": 10, "amount": 450, "advance_payment": 0, "total_amount": 450, "remaining_amount": 450, "notes": "", "created_at": "2026-07-02T19:59:22.320Z"}}, {"model": "academies.dailybooking", "pk": 39, "fields": {"customer_code": "C00017", "venue": "ملعب كرة القدم #1", "booking_date": "2026-07-03", "start_time": "01:00 صباحًا", "end_time": "02:00 صباحًا", "customer_name": "امر حسين", "customer_phone": "01055074710", "national_id": "30309292503011", "players_count": 10, "amount": 650, "advance_payment": 50, "total_amount": 650, "remaining_amount": 600, "notes": "", "created_at": "2026-07-03T22:52:34.326Z"}}, {"model": "academies.dailybooking", "pk": 40, "fields": {"customer_code": "C00002", "venue": "ملعب كرة القدم #2", "booking_date": "2026-07-03", "start_time": "01:00 صباحًا", "end_time": "02:00 صباحًا", "customer_name": "محمد عمرو", "customer_phone": "01159100877", "national_id": "", "players_count": 10, "amount": 535, "advance_payment": 50, "total_amount": 535, "remaining_amount": 485, "notes": "", "created_at": "2026-07-03T22:55:13.648Z"}}, {"model": "academies.dailybookingcheckout", "pk": 1, "fields": {"booking": 18, "income_date": "2026-06-30", "customer_name": "عبدالرحمن ضياء", "customer_phone": "01280005115", "venue": "ملعب كرة القدم #1", "booking_date": "2026-06-30", "start_time": "12:00 منتصف الليل", "end_time": "01:00 صباحًا", "total_amount": 500, "advance_payment": 0, "remaining_amount": 500, "created_at": "2026-07-01T15:23:46.473Z"}}, {"model": "academies.dailybookingcheckout", "pk": 2, "fields": {"booking": 19, "income_date": "2026-06-30", "customer_name": "كريم (عطارة مول زينة)", "customer_phone": "0111111111111", "venue": "ملعب كرة القدم #1", "booking_date": "2026-06-30", "start_time": "01:00 صباحًا", "end_time": "02:00 صباحًا", "total_amount": 500, "advance_payment": 0, "remaining_amount": 500, "created_at": "2026-07-01T15:25:26.729Z"}}, {"model": "academies.dailybookingcheckout", "pk": 3, "fields": {"booking": 22, "income_date": "2026-06-30", "customer_name": "احمد علي", "customer_phone": "01280535553", "venue": "ملعب كرة القدم #2", "booking_date": "2026-06-30", "start_time": "12:00 منتصف الليل", "end_time": "01:00 صباحًا", "total_amount": 500, "advance_payment": 0, "remaining_amount": 500, "created_at": "2026-07-01T15:51:46.950Z"}}, {"model": "academies.dailybookingcheckout", "pk": 4, "fields": {"booking": 23, "income_date": "2026-07-01", "customer_name": "عمر طارق", "customer_phone": "01289613798", "venue": "ملعب كرة القدم #1", "booking_date": "2026-07-01", "start_time": "07:00 مساءً", "end_time": "09:00 مساءً", "total_amount": 900, "advance_payment": 0, "remaining_amount": 900, "created_at": "2026-07-01T21:05:53.696Z"}}, {"model": "academies.dailybookingcheckout", "pk": 5, "fields": {"booking": 21, "income_date": "2026-07-01", "customer_name": "محمد نبيل", "customer_phone": "01289612786", "venue": "ملعب كرة القدم #1", "booking_date": "2026-07-01", "start_time": "11:00 مساءً", "end_time": "01:00 صباحًا", "total_amount": 1000, "advance_payment": 400, "remaining_amount": 600, "created_at": "2026-07-01T21:21:57.793Z"}}, {"model": "academies.dailybookingcheckout", "pk": 6, "fields": {"booking": 20, "income_date": "2026-07-01", "customer_name": "حسين رجب", "customer_phone": "01151422118", "venue": "ملعب كرة القدم #2", "booking_date": "2026-07-01", "start_time": "11:00 مساءً", "end_time": "01:00 صباحًا", "total_amount": 1000, "advance_payment": 400, "remaining_amount": 600, "created_at": "2026-07-01T21:22:03.165Z"}}, {"model": "academies.dailybookingcheckout", "pk": 7, "fields": {"booking": 24, "income_date": "2026-07-01", "customer_name": "مروان مختار", "customer_phone": "01008555765", "venue": "ملعب كرة القدم #1", "booking_date": "2026-07-01", "start_time": "01:00 صباحًا", "end_time": "02:00 صباحًا", "total_amount": 450, "advance_payment": 0, "remaining_amount": 450, "created_at": "2026-07-01T21:22:12.712Z"}}, {"model": "academies.dailybookingcheckout", "pk": 8, "fields": {"booking": 37, "income_date": "2026-07-02", "customer_name": "محمد ايمن", "customer_phone": "01121032100", "venue": "ملعب الباسكت", "booking_date": "2026-07-02", "start_time": "07:00 مساءً", "end_time": "10:00 مساءً", "total_amount": 450, "advance_payment": 0, "remaining_amount": 450, "created_at": "2026-07-02T19:56:00.454Z"}}, {"model": "academies.dailybookingcheckout", "pk": 9, "fields": {"booking": 33, "income_date": "2026-07-02", "customer_name": "عمر سليمان", "customer_phone": "11111111111", "venue": "ملعب كرة القدم #1", "booking_date": "2026-07-02", "start_time": "08:00 مساءً", "end_time": "10:00 مساءً", "total_amount": 1000, "advance_payment": 400, "remaining_amount": 600, "created_at": "2026-07-02T19:56:47.718Z"}}, {"model": "academies.dailybookingcheckout", "pk": 10, "fields": {"booking": 4, "income_date": "2026-07-02", "customer_name": "محمد عمرو", "customer_phone": "01159100877", "venue": "ملعب كرة القدم #2", "booking_date": "2026-07-02", "start_time": "09:00 مساءً", "end_time": "12:00 منتصف الليل", "total_amount": 1350, "advance_payment": 0, "remaining_amount": 1350, "created_at": "2026-07-03T21:17:25.197Z"}}, {"model": "academies.dailybookingcheckout", "pk": 11, "fields": {"booking": 38, "income_date": "2026-07-02", "customer_name": "محمد عمرو", "customer_phone": "01159100877", "venue": "ملعب كرة القدم #2", "booking_date": "2026-07-02", "start_time": "12:00 منتصف الليل", "end_time": "01:00 صباحًا", "total_amount": 450, "advance_payment": 0, "remaining_amount": 450, "created_at": "2026-07-03T21:17:56.262Z"}}, {"model": "academies.dailybookingcheckout", "pk": 12, "fields": {"booking": 36, "income_date": "2026-07-02", "customer_name": "عمر عبد الفتاح", "customer_phone": "01068390807", "venue": "ملعب كرة القدم #2", "booking_date": "2026-07-02", "start_time": "01:00 صباحًا", "end_time": "02:00 صباحًا", "total_amount": 450, "advance_payment": 0, "remaining_amount": 450, "created_at": "2026-07-03T21:18:21.568Z"}}, {"model": "academies.dailybookingcheckout", "pk": 13, "fields": {"booking": 34, "income_date": "2026-07-02", "customer_name": "احمد حسن", "customer_phone": "01006655404", "venue": "ملعب كرة القدم #1", "booking_date": "2026-07-02", "start_time": "10:00 مساءً", "end_time": "12:00 منتصف الليل", "total_amount": 900, "advance_payment": 400, "remaining_amount": 500, "created_at": "2026-07-03T21:18:53.430Z"}}, {"model": "academies.dailybookingcheckout", "pk": 14, "fields": {"booking": 35, "income_date": "2026-07-02", "customer_name": "عمر مصطفي", "customer_phone": "01204834314", "venue": "ملعب كرة القدم #1", "booking_date": "2026-07-02", "start_time": "12:00 منتصف الليل", "end_time": "01:00 صباحًا", "total_amount": 450, "advance_payment": 0, "remaining_amount": 450, "created_at": "2026-07-03T21:19:11.292Z"}}, {"model": "academies.dailybookingcheckout", "pk": 15, "fields": {"booking": 5, "income_date": "2026-07-04", "customer_name": "محمد عمرو", "customer_phone": "01159100877", "venue": "ملعب كرة القدم #2", "booking_date": "2026-07-04", "start_time": "08:00 مساءً", "end_time": "10:00 مساءً", "total_amount": 900, "advance_payment": 0, "remaining_amount": 900, "created_at": "2026-07-04T10:18:25.930Z"}}, {"model": "academies.dailybookingcheckout", "pk": 16, "fields": {"booking": 39, "income_date": "2026-07-03", "customer_name": "امر حسين", "customer_phone": "01055074710", "venue": "ملعب كرة القدم #1", "booking_date": "2026-07-03", "start_time": "01:00 صباحًا", "end_time": "02:00 صباحًا", "total_amount": 650, "advance_payment": 50, "remaining_amount": 600, "created_at": "2026-07-04T10:18:53.901Z"}}, {"model": "academies.dailybookingcheckout", "pk": 17, "fields": {"booking": 40, "income_date": "2026-07-03", "customer_name": "محمد عمرو", "customer_phone": "01159100877", "venue": "ملعب كرة القدم #2", "booking_date": "2026-07-03", "start_time": "01:00 صباحًا", "end_time": "02:00 صباحًا", "total_amount": 535, "advance_payment": 50, "remaining_amount": 485, "created_at": "2026-07-04T10:19:05.677Z"}}, {"model": "academies.academyoperationoverride", "pk": 1, "fields": {"academy": 6, "booking_date": "2026-07-01", "original_place": "ملعب كرة القدم #1", "original_slot_index": 12, "new_place": "ملعب كرة القدم #1", "new_slot_index": 12, "is_deleted": true, "created_at": "2026-07-01T13:49:55.778Z"}}, {"model": "academies.academyoperationoverride", "pk": 2, "fields": {"academy": 6, "booking_date": "2026-07-01", "original_place": "ملعب كرة القدم #2", "original_slot_index": 12, "new_place": "ملعب كرة القدم #2", "new_slot_index": 12, "is_deleted": true, "created_at": "2026-07-01T13:50:00.505Z"}}, {"model": "academies.academyoperationoverride", "pk": 3, "fields": {"academy": 6, "booking_date": "2026-07-01", "original_place": "ملعب الباسكت", "original_slot_index": 12, "new_place": "ملعب الباسكت", "new_slot_index": 12, "is_deleted": true, "created_at": "2026-07-01T13:50:09.073Z"}}, {"model": "academies.userpermission", "pk": 1, "fields": {"user": ["admin"], "can_academies": false, "can_daily_booking": false, "can_operation": false, "can_shareholders": false, "can_employees": false, "can_general_expenses": false, "can_cafeteria": false, "can_reports": false, "can_report_income": false, "can_report_shareholders": false, "can_report_employees": false, "can_report_payroll": false, "can_report_expenses": false, "can_report_cafeteria": false, "can_report_deposits": false, "can_users": false}}, {"model": "academies.userpermission", "pk": 2, "fields": {"user": ["Operator_2"], "can_academies": false, "can_daily_booking": true, "can_operation": true, "can_shareholders": false, "can_employees": false, "can_general_expenses": false, "can_cafeteria": false, "can_reports": false, "can_report_income": true, "can_report_shareholders": false, "can_report_employees": false, "can_report_payroll": false, "can_report_expenses": true, "can_report_cafeteria": false, "can_report_deposits": false, "can_users": false}}, {"model": "academies.shareholder", "pk": 1, "fields": {"name": "أحمد سمير زكريا", "national_id": "", "phone": "", "email": "", "share_percentage": 60, "address": "", "notes": "", "created_at": "2026-06-30T10:24:17.690Z"}}, {"model": "academies.shareholder", "pk": 2, "fields": {"name": "حسين البسيوني", "national_id": "", "phone": "", "email": "", "share_percentage": 20, "address": "", "notes": "", "created_at": "2026-06-30T10:24:34.191Z"}}, {"model": "academies.shareholder", "pk": 3, "fields": {"name": "وليد محمد محمد سليمان", "national_id": "", "phone": "", "email": "", "share_percentage": 10, "address": "", "notes": "", "created_at": "2026-06-30T10:24:47.241Z"}}, {"model": "academies.shareholder", "pk": 4, "fields": {"name": "مصطفى جاد", "national_id": "", "phone": "", "email": "", "share_percentage": 10, "address": "", "notes": "", "created_at": "2026-06-30T10:24:57.674Z"}}, {"model": "academies.jobtitle", "pk": 1, "fields": {"name": "Operator_1", "base_salary": 8500, "notes": "", "created_at": "2026-07-02T12:04:28.456Z"}}, {"model": "academies.jobtitle", "pk": 2, "fields": {"name": "Operator_2", "base_salary": 6500, "notes": "", "created_at": "2026-07-02T12:04:44.527Z"}}, {"model": "academies.bonustier", "pk": 1, "fields": {"job_title": 1, "source_type": "daily_booking", "from_amount": 100000, "to_amount": 110000, "bonus_amount": 1600, "notes": "", "created_at": "2026-07-02T12:16:17.285Z"}}, {"model": "academies.bonustier", "pk": 2, "fields": {"job_title": 1, "source_type": "daily_booking", "from_amount": 110000, "to_amount": 120000, "bonus_amount": 2200, "notes": "", "created_at": "2026-07-02T12:17:04.374Z"}}, {"model": "academies.bonustier", "pk": 3, "fields": {"job_title": 1, "source_type": "daily_booking", "from_amount": 120000, "to_amount": 130000, "bonus_amount": 0, "notes": "", "created_at": "2026-07-02T12:26:05.385Z"}}, {"model": "academies.bonustier", "pk": 4, "fields": {"job_title": 1, "source_type": "daily_booking", "from_amount": 130000, "to_amount": 140000, "bonus_amount": 0, "notes": "", "created_at": "2026-07-02T12:26:19.251Z"}}, {"model": "academies.bonustier", "pk": 5, "fields": {"job_title": 1, "source_type": "daily_booking", "from_amount": 140000, "to_amount": 150000, "bonus_amount": 0, "notes": "", "created_at": "2026-07-02T12:26:36.863Z"}}, {"model": "academies.bonustier", "pk": 6, "fields": {"job_title": 1, "source_type": "daily_booking", "from_amount": 150000, "to_amount": 160000, "bonus_amount": 0, "notes": "", "created_at": "2026-07-02T12:26:50.563Z"}}, {"model": "academies.bonustier", "pk": 7, "fields": {"job_title": 1, "source_type": "daily_booking", "from_amount": 160000, "to_amount": 170000, "bonus_amount": 0, "notes": "", "created_at": "2026-07-02T12:27:04.744Z"}}, {"model": "academies.bonustier", "pk": 8, "fields": {"job_title": 1, "source_type": "daily_booking", "from_amount": 170000, "to_amount": 180000, "bonus_amount": 0, "notes": "", "created_at": "2026-07-02T12:27:20.517Z"}}, {"model": "academies.bonustier", "pk": 9, "fields": {"job_title": 2, "source_type": "daily_booking", "from_amount": 100000, "to_amount": 110000, "bonus_amount": 0, "notes": "", "created_at": "2026-07-02T12:27:51.191Z"}}, {"model": "academies.bonustier", "pk": 10, "fields": {"job_title": 2, "source_type": "daily_booking", "from_amount": 110000, "to_amount": 120000, "bonus_amount": 0, "notes": "", "created_at": "2026-07-02T12:28:04.203Z"}}, {"model": "academies.bonustier", "pk": 11, "fields": {"job_title": 2, "source_type": "daily_booking", "from_amount": 120000, "to_amount": 130000, "bonus_amount": 0, "notes": "", "created_at": "2026-07-02T12:28:20.645Z"}}, {"model": "academies.bonustier", "pk": 12, "fields": {"job_title": 2, "source_type": "daily_booking", "from_amount": 130000, "to_amount": 140000, "bonus_amount": 0, "notes": "", "created_at": "2026-07-02T12:28:53.811Z"}}, {"model": "academies.bonustier", "pk": 13, "fields": {"job_title": 2, "source_type": "daily_booking", "from_amount": 140000, "to_amount": 150000, "bonus_amount": 0, "notes": "", "created_at": "2026-07-02T12:29:06.070Z"}}, {"model": "academies.bonustier", "pk": 14, "fields": {"job_title": 2, "source_type": "daily_booking", "from_amount": 150000, "to_amount": 160000, "bonus_amount": 0, "notes": "", "created_at": "2026-07-02T12:29:26.709Z"}}, {"model": "academies.bonustier", "pk": 15, "fields": {"job_title": 2, "source_type": "daily_booking", "from_amount": 160000, "to_amount": 170000, "bonus_amount": 0, "notes": "", "created_at": "2026-07-02T12:29:43.234Z"}}, {"model": "academies.bonustier", "pk": 16, "fields": {"job_title": 2, "source_type": "daily_booking", "from_amount": 170000, "to_amount": 180000, "bonus_amount": 0, "notes": "", "created_at": "2026-07-02T12:30:00.746Z"}}, {"model": "academies.employee", "pk": 1, "fields": {"name": "محمد سالمان أبو زيد السيد", "national_id": "27406180100715", "phone": "01014142741", "email": "", "job_title": "مسئول إداري 2", "salary": 6500, "hire_date": "2026-07-01", "address": "عمارة 11 - شارع رفعت - منشية الصدر - حدائق القبة - القاهرة", "notes": "", "created_at": "2026-07-02T13:22:03.005Z"}}, {"model": "academies.employee", "pk": 2, "fields": {"name": "محمد راشد أحمد أحمد", "national_id": "", "phone": "01062123364", "email": "", "job_title": "مسئول إداري 1", "salary": 8500, "hire_date": "2026-07-01", "address": "كفر الشيخ", "notes": "", "created_at": "2026-07-02T13:22:43.604Z"}}, {"model": "academies.foundingexpense", "pk": 1, "fields": {"title": "شراء دومين", "expense_date": "2026-06-29", "amount": 650, "notes": "eessports.net", "created_at": "2026-06-30T18:25:03.728Z"}}]
